{"cameraMode":{"drawMode":0,"name":"Shaded","section":"Shading Mode"},"sceneLighting":false,"audioPlay":false,"sceneViewState":{"m_AlwaysRefresh":false,"showFog":true,"showSkybox":false,"showFlares":true,"showImageEffects":true,"showParticleSystems":true,"showVisualEffectGraphs":true,"m_FxEnabled":true},"in2DMode":false,"pivot":{"x":-0.7732933759689331,"y":0.9595363736152649,"z":-1.509625792503357},"rotation":{"x":0.17794758081436158,"y":-0.10312014073133469,"z":0.018746506422758104,"w":0.9784624576568604},"size":1.588665246963501,"orthographic":true}