{"cameraMode":{"drawMode":0,"name":"Shaded","section":"Shading Mode"},"sceneLighting":false,"audioPlay":false,"sceneViewState":{"m_AlwaysRefresh":false,"showFog":true,"showSkybox":false,"showFlares":true,"showImageEffects":true,"showParticleSystems":true,"showVisualEffectGraphs":true,"m_FxEnabled":true},"in2DMode":false,"pivot":{"x":1.1585086584091187,"y":0.9595363736152649,"z":-1.509625792503357},"rotation":{"x":0.3577418625354767,"y":-0.0838853046298027,"z":0.032278940081596377,"w":0.9295061230659485},"size":0.8088621497154236,"orthographic":true}